name_formal,state,gov_type,country_code,official_count,term_length,url,upcoming_election,ue_remarks,ue_url_1,special,runoff,lat,lon,next_election_display
Green Bay Common Council,WI,LOCAL,US,12,2 years,https://greenbaywi.gov/617/Common-Council,2022-04-05 05:00:00+00:00,All 12 seats.,,False,False,44.51270874334217,-88.0077570914884,"Apr 05, 2022"
Jefferson City Council,MO,LOCAL,US,10,2 years,https://www.jeffersoncitymo.gov/government/council_members.php,2022-04-05 05:00:00+00:00,1 seat from each of 5 wards,,False,False,38.559165952111705,-92.18331090184476,"Apr 05, 2022"
Independence City Council,MO,LOCAL,US,7,4 years,https://www.ci.independence.mo.us/CityCouncil,2022-04-05 05:00:00+00:00,mayor and 2 at-large councilmembers,,False,False,39.08274011659034,-94.37462123813407,"Apr 05, 2022"
Anchorage Assembly,AK,LOCAL,US,11,3 years,https://www.muni.org/departments/assembly/pages/default.aspx,2022-04-05 05:00:00+00:00,One seat each in districts 2-6.,,False,False,61.16039628110558,-149.52270729223233,"Apr 05, 2022"
Columbia City Council,MO,LOCAL,US,7,3 years,https://www.como.gov/boards/city-council/,2022-04-05 05:00:00+00:00,"Mayor, Ward 3, Ward 4",,False,False,38.9471441947662,-92.33432394154181,"Apr 05, 2022"
Sioux Falls Mayor,SD,LOCAL,US,1,4 years,https://www.siouxfalls.org/mayor,2022-04-12 05:00:00+00:00,"Mayor, At-Large Council Member “A,” At-Large Council Member “B,” Southeast (SE) District Council Member, and Central (CE) District Council Member",,False,False,43.53353941264856,-96.73212058275728,"Apr 12, 2022"
Sioux Falls City Council,SD,LOCAL,US,8,4 years,https://www.siouxfalls.org/council/,2022-04-12 05:00:00+00:00,"Mayor, At-Large Council Member “A,” At-Large Council Member “B,” Southeast (SE) District Council Member, and Central (CE) District Council Member",,False,False,43.53353941264856,-96.73212058275728,"Apr 12, 2022"
Lancaster City Council,CA,LOCAL,US,5,4 years,https://www.cityoflancasterca.org/about-us/city-government/city-officials/city-council,2022-04-12 05:00:00+00:00,,,False,False,34.69343514387923,-118.17524329998106,"Apr 12, 2022"
Fayetteville City Council,NC,LOCAL,US,10,2 years,https://www.fayettevillenc.gov/city-council,2022-04-26 05:00:00+00:00,All,,False,False,35.07504261353828,-78.9679589524612,"Apr 26, 2022"
Charlotte City Council,NC,LOCAL,US,12,2 years,https://charlottenc.gov/citycouncil/Pages/default.aspx,2022-04-26 05:00:00+00:00,Mayor and all council seats,,False,False,35.2067066337518,-80.81767728003612,"Apr 26, 2022"
Greensboro City Council,NC,LOCAL,US,8,4 Years,https://www.greensboro-nc.gov/government/city-council,2022-04-26 05:00:00+00:00,,,False,False,36.094071158902615,-79.82673428763054,"Apr 26, 2022"
Greensboro Mayor,NC,LOCAL,US,1,4 Years,https://www.greensboro-nc.gov/government/city-council,2022-04-26 05:00:00+00:00,,,False,False,36.094071158902615,-79.82673428763054,"Apr 26, 2022"
Oregon Metro Council President,OR,LOCAL,US,1,4 years,http://www.oregonmetro.gov/regional-leadership/metro-council,2022-05-03 05:00:00+00:00,"District 1, 2, and 4.",,False,False,45.4832904391094,-122.68163832795226,"May 03, 2022"
Newport News City Council,VA,LOCAL,US,7,4 years,https://www.nnva.gov/465/Elected-Officials,2022-05-03 05:00:00+00:00,"Mayor, 1B, 2B, 3B",,False,False,37.085691357733104,-76.50602940957862,"May 03, 2022"
Fairfax Mayor,VA,LOCAL,US,1,2 years,https://www.fairfaxva.gov/government/mayor-city-council,2022-05-03 05:00:00+00:00,All positions,,False,False,38.85298853648394,-77.2999048511569,"May 03, 2022"
Hampton City Council,VA,LOCAL,US,7,4 years,https://hampton.gov/222/City-Council,2022-05-03 05:00:00+00:00,3 councilmembers,,False,False,37.04874896582373,-76.29535988526455,"May 03, 2022"
Norfolk City Council,VA,LOCAL,US,8,4 years,http://www.norfolk.gov/Index.aspx?NID=200,2022-05-03 05:00:00+00:00,Superwards 1-5,,False,False,36.89709423502754,-76.26114095713685,"May 03, 2022"
Fairfax City Council,VA,LOCAL,US,6,2 years,https://www.fairfaxva.gov/government/mayor-city-council,2022-05-03 05:00:00+00:00,All positions,,False,False,38.85298853648394,-77.2999048511569,"May 03, 2022"
Oregon Metro Council,OR,LOCAL,US,6,4 years,https://www.oregonmetro.gov/regional-leadership/metro-council,2022-05-03 05:00:00+00:00,"District 1, 2, and 4.",,False,False,45.4832904391094,-122.68163832795226,"May 03, 2022"
Chesapeake City Council,VA,LOCAL,US,9,4 years,https://www.cityofchesapeake.net/government/council.htm,2022-05-03 05:00:00+00:00,5 seats,,False,False,36.677744495708,-76.3024182871377,"May 03, 2022"
Northern Ireland Assembly,NIR,STATE,UK,90,5 Years,http://www.niassembly.gov.uk/,2022-05-05 05:00:00+00:00,"This election was originally scheduled for May 6, 2021, but was pushed to 2022 after a snap election in March 2017.",,False,False,54.62091529783607,-6.334902542894506,"May 05, 2022"
Tasmania Legislative Council,TAS,STATE,AS,15,6 years,http://www.parliament.tas.gov.au/,2022-05-07 05:00:00+00:00,2 divisions: Elwick and McIntyre,https://en.wikipedia.org/wiki/2022_Tasmanian_Legislative_Council_periodic_election,False,False,-42.14007538724285,146.91131793365145,"May 07, 2022"
Killeen City Council,TX,LOCAL,US,8,2 years,http://www.killeentexas.gov/153/City-Council,2022-05-07 05:00:00+00:00,At-large + Mayor,http://killeentexas.gov/153/City-Council,False,False,31.077293682062894,-97.7287514081938,"May 07, 2022"
Denton City Council,TX,LOCAL,US,7,2 years,https://www.cityofdenton.com/government/city-officials/city-council,2022-05-07 05:00:00+00:00,"Mayor, 2 At-large",,False,False,33.208602042350904,-97.13302461102921,"May 07, 2022"
Lubbock City Council,TX,LOCAL,US,7,"2 years (Mayor), 4 years (Council)",https://ci.lubbock.tx.us/pages/city-government/city-council,2022-05-07 05:00:00+00:00,"Districts 1, 3, 5",,False,False,33.560973331112095,-101.89059076104964,"May 07, 2022"
Sugar Land City Council,TX,LOCAL,US,7,2 years,https://www.sugarlandtx.gov/160/Mayor-City-Council,2022-05-07 05:00:00+00:00,Mayor and 2 at-large positions,,False,False,29.59293554898028,-95.63462102015225,"May 07, 2022"
Round Rock City Council,TX,LOCAL,US,7,3 years,https://www.roundrocktexas.gov/about/city-council/,2022-05-07 05:00:00+00:00,Place 2 and Place 6,,False,False,30.5253925639165,-97.66611286836232,"May 07, 2022"
Abilene City Council,TX,LOCAL,US,7,3 years,https://www.abilenetx.gov/526/City-Council,2022-05-07 05:00:00+00:00,"place 5, place 6",https://abilenetx.gov/309/Elections,False,False,32.4542801997807,-99.73840044279189,"May 07, 2022"
Tyler City Council,TX,LOCAL,US,7,2 years,https://www.cityoftyler.org/government/government/mayor-and-council,2022-05-07 05:00:00+00:00,"Districts 2, 4, 6 and Mayor",https://www.cityoftyler.org/Departments/CityClerk/Elections.aspx,False,False,32.316911273097105,-95.30337688310681,"May 07, 2022"
Arlington City Council,TX,LOCAL,US,8,2 years,http://www.arlington-tx.gov/citycouncil/,2022-05-07 05:00:00+00:00,"Council seats 1 and 2, and two at-large seats (6 and 7)",,False,False,32.69802586173272,-97.1230952560109,"May 07, 2022"
Irving City Council,TX,LOCAL,US,8,3 years,https://www.cityofirving.org/210/Meet-Your-Mayor-and-Council,2022-05-07 05:00:00+00:00,"Places 1, 2, and 7",,False,False,32.853748792009235,-96.96687914584416,"May 07, 2022"
Allen City Council,TX,LOCAL,US,7,3 years,https://www.cityofallen.org/917/Allen-City-Council,2022-05-07 05:00:00+00:00,"Places 4, 6",,False,False,33.10877457111427,-96.67351515153686,"May 07, 2022"
Arlington Mayor,TX,LOCAL,US,1,2 years,https://www.arlingtontx.gov/city_hall/government/mayor,2022-05-07 05:00:00+00:00,"Council seats 1 and 2, and two at-large seats (6 and 7)",,False,False,32.69802586173272,-97.1230952560109,"May 07, 2022"
Waco City Council,TX,LOCAL,US,6,2 years,http://www.waco-texas.com/council.asp,2022-05-07 05:00:00+00:00,"Districts 1, 3 and Mayor",,False,False,31.552912032180217,-97.16462092430793,"May 07, 2022"
Pearland City Council,TX,LOCAL,US,7,3 years,https://www.pearlandtx.gov/government/city-council,2022-05-07 05:00:00+00:00,"Districts 3, 7 and Mayor",,False,False,29.55851866077036,-95.3200788346492,"May 07, 2022"
Lewisville City Council,TX,LOCAL,US,5,3 years,https://www.cityoflewisville.com/about-us/mayor-and-council/city-council-bios,2022-05-07 05:00:00+00:00,Places 4 and 5,,False,False,33.04527001162522,-96.98234200937068,"May 07, 2022"
Grand Prairie City Council,TX,LOCAL,US,9,3 years,https://www.gptx.org/city-government/mayor-and-city-council,2022-05-07 05:00:00+00:00,"Districts 2, District 4, Mayor",https://www.gptx.org/city-government/city-secretary/elections,False,False,32.69317065740715,-97.0168625319254,"May 07, 2022"
Garland City Council,TX,LOCAL,US,9,2 years,https://www.garlandtx.gov/758/City-Council,2022-05-07 05:00:00+00:00,"Mayor, and Districts 1, 2, 4, 5",,False,False,32.906459709077566,-96.63440619853634,"May 07, 2022"
Newark Mayor,NJ,LOCAL,US,1,4 years,https://www.newarknj.gov/city-mayor,2022-05-10 05:00:00+00:00,Mayor and all seats,http://www.essexclerk.com/Election/,False,False,40.73327122951785,-74.18111405729537,"May 10, 2022"
Paterson Mayor,NJ,LOCAL,US,1,4 years,https://www.patersonnj.gov/department/index.php?structureid=2,2022-05-10 05:00:00+00:00,at large council seats and Mayor,,False,False,40.914716281089085,-74.16261109003644,"May 10, 2022"
Tempe City Council,AZ,LOCAL,US,7,4 years,https://www.tempe.gov/government/mayor-and-city-council,2022-05-10 05:00:00+00:00,3 councilmembers,https://www.tempe.gov/government/city-clerk-s-office/election-information,False,False,33.38811956756197,-111.93177781999955,"May 10, 2022"
Paterson City Council,NJ,LOCAL,US,9,4 years,https://www.patersonnj.gov/council/,2022-05-10 05:00:00+00:00,at large council seats and Mayor,,False,False,40.914716281089085,-74.16261109003644,"May 10, 2022"
Newark City Council,NJ,LOCAL,US,9,4 years,https://www.newarknj.gov/council-members,2022-05-10 05:00:00+00:00,Mayor and all seats,http://www.essexclerk.com/Election/,False,False,40.73327122951785,-74.18111405729537,"May 10, 2022"
Eugene City Council,OR,LOCAL,US,8,4 years,https://www.eugene-or.gov/537/Mayor-and-City-Council,2022-05-17 05:00:00+00:00,"District 3, 4, 5, 6",,False,False,44.05705149428787,-123.1130074402584,"May 17, 2022"
Cary Town Council,NC,LOCAL,US,7,4 years,http://www.townofcary.org/mayor-council/town-council,2022-05-17 05:00:00+00:00,"1 At-large, A, C",,False,False,35.78199991740102,-78.816338536679,"May 17, 2022"
Australia Senate,,NATIONAL,AS,76,,https://www.aph.gov.au/about_parliament/senate,2022-05-21 05:00:00+00:00,On or before 21 May 2022 (half-Senate),,False,False,-32.78892032346271,144.4216431501352,"May 21, 2022"
Columbus City Council,GA,LOCAL,US,10,4 years,http://www.columbusga.org/council/council.htm,2022-05-24 05:00:00+00:00,Mayor and odd district seats,,False,False,32.50145043456661,-84.92398365588406,"May 24, 2022"
Columbus Mayor,GA,LOCAL,US,1,4 years,https://www.columbusga.gov/mayor/,2022-05-24 05:00:00+00:00,Mayor and odd district seats,,False,False,32.50145043456661,-84.92398365588406,"May 24, 2022"
Mayor of Athens-Clarke County,GA,LOCAL,US,1,4 years,https://www.accgov.com/mayor,2022-05-24 05:00:00+00:00,mayor + odd districts,,False,False,33.9507099417212,-83.37702314991344,"May 24, 2022"
Commission of Athens-Clarke County,GA,LOCAL,US,10,4 years,https://www.accgov.com/168/Commission-Information-Biographies,2022-05-24 05:00:00+00:00,mayor + odd districts,,False,False,33.9507099417212,-83.37702314991344,"May 24, 2022"
